{
  "SI.POV.GINI": {
    "ALB": {
      "value": 29.4,
      "year": 2020
    },
    "AGO": {
      "value": 51.3,
      "year": 2018
    },
    "ARG": {
      "value": 42.4,
      "year": 2023
    },
    "ARM": {
      "value": 27.2,
      "year": 2023
    },
    "AUS": {
      "value": 33.8,
      "year": 2020
    },
    "AUT": {
      "value": 31.2,
      "year": 2023
    },
    "BGD": {
      "value": 30.9,
      "year": 2022
    },
    "BLR": {
      "value": 24.4,
      "year": 2020
    },
    "BEL": {
      "value": 26.8,
      "year": 2023
    },
    "BLZ": {
      "value": 39.9,
      "year": 2018
    },
    "BEN": {
      "value": 34.4,
      "year": 2021
    },
    "BTN": {
      "value": 28.5,
      "year": 2022
    },
    "BOL": {
      "value": 42.1,
      "year": 2023
    },
    "BRA": {
      "value": 51.6,
      "year": 2023
    },
    "BGR": {
      "value": 39.5,
      "year": 2023
    },
    "BFA": {
      "value": 37.4,
      "year": 2021
    },
    "BDI": {
      "value": 37.5,
      "year": 2020
    }
  },
  "VA.EST": {
    "AFG": {
      "value": -1.85290133953094,
      "year": 2023
    },
    "ALB": {
      "value": 0.168997228145599,
      "year": 2023
    },
    "DZA": {
      "value": -0.979883790016174,
      "year": 2023
    },
    "ASM": {
      "value": 0.952084183692932,
      "year": 2022
    },
    "AND": {
      "value": 0.996939778327942,
      "year": 2023
    },
    "AGO": {
      "value": -0.737252414226532,
      "year": 2023
    },
    "ATG": {
      "value": 0.741840481758118,
      "year": 2023
    },
    "ARG": {
      "value": 0.533921837806702,
      "year": 2023
    },
    "ARM": {
      "value": 0.0767075568437576,
      "year": 2023
    },
    "ABW": {
      "value": 1.0191752910614,
      "year": 2023
    },
    "AUS": {
      "value": 1.50660192966461,
      "year": 2023
    },
    "AUT": {
      "value": 1.41124832630157,
      "year": 2023
    },
    "AZE": {
      "value": -1.41153395175934,
      "year": 2023
    },
    "BHS": {
      "value": 0.860349118709564,
      "year": 2023
    },
    "BHR": {
      "value": -1.37783300876617,
      "year": 2023
    },
    "BGD": {
      "value": -0.753886342048645,
      "year": 2023
    },
    "BRB": {
      "value": 1.16219222545624,
      "year": 2023
    },
    "BLR": {
      "value": -1.66739654541016,
      "year": 2023
    },
    "BEL": {
      "value": 1.32572901248932,
      "year": 2023
    },
    "BLZ": {
      "value": 0.539004623889923,
      "year": 2023
    },
    "BEN": {
      "value": -0.218986943364143,
      "year": 2023
    },
    "BTN": {
      "value": 0.200142219662666,
      "year": 2023
    },
    "BOL": {
      "value": -0.265191316604614,
      "year": 2023
    },
    "BIH": {
      "value": -0.319465935230255,
      "year": 2023
    },
    "BWA": {
      "value": 0.504056930541992,
      "year": 2023
    },
    "BRA": {
      "value": 0.382853865623474,
      "year": 2023
    },
    "BRN": {
      "value": -0.715453028678894,
      "year": 2023
    },
    "BGR": {
      "value": 0.388988107442856,
      "year": 2023
    },
    "BFA": {
      "value": -0.809887170791626,
      "year": 2023
    },
    "BDI": {
      "value": -1.36691832542419,
      "year": 2023
    },
    "CPV": {
      "value": 0.958101332187653,
      "year": 2023
    },
    "KHM": {
      "value": -1.29242181777954,
      "year": 2023
    },
    "CMR": {
      "value": -1.0663970708847,
      "year": 2023
    }
  },
  "GE.EST": {
    "AFG": {
      "value": -1.98701369762421,
      "year": 2023
    },
    "ALB": {
      "value": 0.250855356454849,
      "year": 2023
    },
    "DZA": {
      "value": -0.670135140419006,
      "year": 2023
    },
    "ASM": {
      "value": 0.654167771339417,
      "year": 2023
    },
    "AND": {
      "value": 1.4754387140274,
      "year": 2023
    },
    "AGO": {
      "value": -1.00890958309174,
      "year": 2023
    },
    "ATG": {
      "value": 0.380410820245743,
      "year": 2023
    },
    "ARG": {
      "value": -0.377517342567444,
      "year": 2023
    },
    "ARM": {
      "value": -0.184129968285561,
      "year": 2023
    },
    "ABW": {
      "value": 0.795440852642059,
      "year": 2023
    },
    "AUS": {
      "value": 1.58987963199615,
      "year": 2023
    },
    "AUT": {
      "value": 1.32668149471283,
      "year": 2023
    },
    "AZE": {
      "value": -0.0326422192156315,
      "year": 2023
    },
    "BHS": {
      "value": 0.270353257656097,
      "year": 2023
    },
    "BHR": {
      "value": 0.697198748588562,
      "year": 2023
    },
    "BGD": {
      "value": -0.697334110736847,
      "year": 2023
    },
    "BRB": {
      "value": 0.380443245172501,
      "year": 2023
    },
    "BLR": {
      "value": -0.991465747356415,
      "year": 2023
    },
    "BEL": {
      "value": 1.03702199459076,
      "year": 2023
    },
    "BLZ": {
      "value": -0.376311779022217,
      "year": 2023
    },
    "BEN": {
      "value": -0.218984127044678,
      "year": 2023
    },
    "BMU": {
      "value": 1.20168173313141,
      "year": 2023
    },
    "BTN": {
      "value": 0.566305339336395,
      "year": 2023
    },
    "BOL": {
      "value": -0.639481067657471,
      "year": 2023
    },
    "BIH": {
      "value": -0.967812538146973,
      "year": 2023
    },
    "BWA": {
      "value": 0.430828422307968,
      "year": 2023
    },
    "BRA": {
      "value": -0.546764314174652,
      "year": 2023
    },
    "BRN": {
      "value": 1.4017870426178,
      "year": 2023
    },
    "BGR": {
      "value": 0.047112051397562,
      "year": 2023
    },
    "BFA": {
      "value": -0.826227486133575,
      "year": 2023
    },
    "BDI": {
      "value": -1.20011341571808,
      "year": 2023
    },
    "CPV": {
      "value": 0.0136766647920012,
      "year": 2023
    },
    "KHM": {
      "value": -0.305874288082123,
      "year": 2023
    },
    "CMR": {
      "value": -0.906262576580048,
      "year": 2023
    }
  },
  "CC.EST": {
    "AFG": {
      "value": -1.15493178367615,
      "year": 2023
    },
    "ALB": {
      "value": -0.332218527793884,
      "year": 2023
    },
    "DZA": {
      "value": -0.589308321475983,
      "year": 2023
    },
    "ASM": {
      "value": 1.25135612487793,
      "year": 2023
    },
    "AND": {
      "value": 1.25135612487793,
      "year": 2023
    },
    "AGO": {
      "value": -0.60992020368576,
      "year": 2023
    },
    "ATG": {
      "value": 0.326792687177658,
      "year": 2023
    },
    "ARG": {
      "value": -0.360883951187134,
      "year": 2023
    },
    "ARM": {
      "value": 0.0583996474742889,
      "year": 2023
    },
    "ABW": {
      "value": 0.709075331687927,
      "year": 2023
    },
    "AUS": {
      "value": 1.78120493888855,
      "year": 2023
    },
    "AUT": {
      "value": 1.1336532831192,
      "year": 2023
    },
    "AZE": {
      "value": -1.19547140598297,
      "year": 2023
    },
    "BHS": {
      "value": 1.26691007614136,
      "year": 2023
    },
    "BHR": {
      "value": 0.177784815430641,
      "year": 2023
    },
    "BGD": {
      "value": -1.12086641788483,
      "year": 2023
    },
    "BRB": {
      "value": 1.34458589553833,
      "year": 2023
    },
    "BLR": {
      "value": -0.665028035640717,
      "year": 2023
    },
    "BEL": {
      "value": 1.3368444442749,
      "year": 2023
    },
    "BLZ": {
      "value": -0.226113811135292,
      "year": 2023
    },
    "BEN": {
      "value": -0.0495794489979744,
      "year": 2023
    },
    "BMU": {
      "value": 1.25135612487793,
      "year": 2023
    },
    "BTN": {
      "value": 1.53142273426056,
      "year": 2023
    },
    "BOL": {
      "value": -0.838301062583923,
      "year": 2023
    },
    "BIH": {
      "value": -0.581560015678406,
      "year": 2023
    },
    "BWA": {
      "value": 0.685792088508606,
      "year": 2023
    },
    "BRA": {
      "value": -0.503643155097961,
      "year": 2023
    },